{
    "accuracy": 0.651566265060241,
    "precision": 0.8029045643153527,
    "recall": 0.3812807881773399,
    "auc": 0.7037233943675062
}